id,spanek_h,slova,cast_dne,odpocatost
P01,6,5,dopoledne,2
P02,8,9,odpoledne,4
P03,7,8,dopoledne,3
P04,5,6,odpoledne,2
P05,,7,dopoledne,3
P06,7,0,odpoledne,1
P07,4.5,2,odpoledne,1
P08,6.3,7,dopoledne,3
P09,7.3,9,dopoledne,4
P10,8.1,4,odpoledne,2
P11,,7,dopoledne,3
P12,6,10,dopoledne,2
P13,7.1,5,odpoledne,3
P14,7.9,8,dopoledne,1
P15,9.2,11,dopoledne,3
P16,5.5,6,odpoledne,4
P17,6.8,8,dopoledne,2
P18,7.5,3,dopoledne,4
P19,8.8,7,odpoledne,2
P20,4.8,9,dopoledne,3
P21,6.5,5,dopoledne,1
P22,7.4,7,odpoledne,3
P23,8.3,10,dopoledne,4
P24,,6,dopoledne,3
P25,6.2,8,odpoledne,4
P26,7.2,12,dopoledne,2
P27,8,6,dopoledne,3
P28,9.5,9,odpoledne,2
P29,5.8,4,dopoledne,3
P30,7,7,dopoledne,4
P31,7.7,10,odpoledne,3
P32,9,5,dopoledne,4
P33,5.2,8,dopoledne,2
P34,6.5,11,odpoledne,3
P35,7.5,6,dopoledne,2
P36,8.5,8,dopoledne,3
